人,默契歌手,,,
麻九,夜鹿,春野,,
麻晚,夜鹿,,,
九晚,夜鹿,,,
B明,RAD,,,
汽诺,Aimer,YOASOBI,,
汽刘,Aimer,,,
诺刘,Aimer,,,
汽明,Aimer,YOASOBI,,
刘明,Aimer,锁那,熊光,
诺明,Aimer,YOASOBI,米津玄师,
汽晚,真夜中,王牛,,
蛋T,真夜中,YOASOBI,hitorie,爱缪
汽狗,藤井风,,,
李T,藤井风,花谱,,
兔蛋,Eve,Ado,米津玄师,绿黄
蛋刘,ユイカ,,,
狗诺,锁那,,,
B兔,Ado,majiko,,
B蛋,Ado,花谱,,
晚蛋,米津玄师,,,
晚兔,米津玄师,,,
李兔,Vaundy,,,
麻B,HAG,爱缪,米津玄师,
刘汽,春野,,,
李诺,Honeyworks,mygo,,
蛋酱,熊光,,,
汽T,熊光,mygo,Vaundy,
蛋诺,胡子男,LiSA,爱缪,
兔狗,胡子男,,,
南T,hitorie,爱缪,,
麻狗,mygo,ユイカ,,
麻蛋,majiko,,,
南酱,majiko,,,
B诺,熊光,,,
BT,春野,,,
麻李,爱缪,,,
兔刘,hitorie,,,
李汽,riria,,,
T麻,riria,,,
A狗,riria,,,
南晚,riria,,,
李狗,hitorie,ユイカ,,
汽A,爱缪,,,
明李,米津玄师,,,
明T,米津玄师,,,
李诺,米津玄师,,,
李T,米津玄师,,,
诺T,米津玄师,爱缪,,
B汽,米津玄师,,,
汽麻,米津玄师,,,
狗诺,王牛,,,
狗刘,王牛,,,
狗南,王牛,ユイカ,锁那,
诺刘,王牛,Eve,,
诺南,王牛,爱缪,绿黄,花谱
刘南,王牛,熊光,Honeyworks,绿黄
刘麻,胡子男,Eve,Ado,
刘A,胡子男,,,
麻A,胡子男,,,
晚B,YOASOBI,,,
晚狗,YOASOBI,,,
B狗,YOASOBI,,,
李蛋,LiSA,,,
李诺,LiSA,,,
麻诺,Eve,,,
南李,ユイカ,,,
南麻,ユイカ,,,
蛋汽,春野,,,
李麻,ユイカ,,,
南晚,熊光,,,
南明,熊光,,,
刘晚,熊光,,,
晚明,熊光,,,
汽南,锁那,Honeyworks,,
汽狗,锁那,,,
李B,majiko,,,
李兔,majiko,,,
麻李,Ado,,,
刘李,Ado,,,
麻米,Vaundy,,,
麻蛋,Vaundy,,,
米蛋,Vaundy,,,
李汽,HAG,,,
李兔,HAG,,,
汽兔,HAG,,,
南蛋,hitorie,爱缪,,
蛋刘,春野,,,
南B,Honeyworks,,,
汽B,Honeyworks,,,
汽刘,Honeyworks,,,
B刘,Honeyworks,,,
刘诺,绿黄,,,
麻诺,hitorie,,,
麻A,hitorie,,,
诺A,hitorie,,,
